[{"model": "admin.logentry", "pk": 1, "fields": {"action_time": "2023-07-09T18:07:00.129Z", "user": 2, "content_type": 9, "object_id": "2", "object_repr": "listingmodels object (2)", "action_flag": 3, "change_message": ""}}, {"model": "admin.logentry", "pk": 2, "fields": {"action_time": "2023-07-09T18:15:46.606Z", "user": 2, "content_type": 9, "object_id": "1", "object_repr": "listingmodels object (1)", "action_flag": 3, "change_message": ""}}, {"model": "admin.logentry", "pk": 3, "fields": {"action_time": "2023-07-09T18:15:50.802Z", "user": 2, "content_type": 9, "object_id": "3", "object_repr": "listingmodels object (3)", "action_flag": 3, "change_message": ""}}, {"model": "admin.logentry", "pk": 4, "fields": {"action_time": "2023-07-11T18:11:16.777Z", "user": 2, "content_type": 9, "object_id": "12", "object_repr": "", "action_flag": 3, "change_message": ""}}, {"model": "admin.logentry", "pk": 5, "fields": {"action_time": "2023-07-11T18:11:16.785Z", "user": 2, "content_type": 9, "object_id": "11", "object_repr": "", "action_flag": 3, "change_message": ""}}, {"model": "admin.logentry", "pk": 6, "fields": {"action_time": "2023-07-11T18:22:14.364Z", "user": 2, "content_type": 9, "object_id": "13", "object_repr": "cricket", "action_flag": 3, "change_message": ""}}, {"model": "admin.logentry", "pk": 8, "fields": {"action_time": "2023-07-11T18:22:27.747Z", "user": 2, "content_type": 9, "object_id": "7", "object_repr": "bath", "action_flag": 3, "change_message": ""}}, {"model": "auth.permission", "pk": 1, "fields": {"name": "Can add log entry", "content_type": 1, "codename": "add_logentry"}}, {"model": "auth.permission", "pk": 2, "fields": {"name": "Can change log entry", "content_type": 1, "codename": "change_logentry"}}, {"model": "auth.permission", "pk": 3, "fields": {"name": "Can delete log entry", "content_type": 1, "codename": "delete_logentry"}}, {"model": "auth.permission", "pk": 4, "fields": {"name": "Can view log entry", "content_type": 1, "codename": "view_logentry"}}, {"model": "auth.permission", "pk": 5, "fields": {"name": "Can add permission", "content_type": 2, "codename": "add_permission"}}, {"model": "auth.permission", "pk": 6, "fields": {"name": "Can change permission", "content_type": 2, "codename": "change_permission"}}, {"model": "auth.permission", "pk": 8, "fields": {"name": "Can view permission", "content_type": 2, "codename": "view_permission"}}, {"model": "auth.permission", "pk": 9, "fields": {"name": "Can add group", "content_type": 3, "codename": "add_group"}}, {"model": "auth.permission", "pk": 10, "fields": {"name": "Can change group", "content_type": 3, "codename": "change_group"}}, {"model": "auth.permission", "pk": 11, "fields": {"name": "Can delete group", "content_type": 3, "codename": "delete_group"}}, {"model": "auth.permission", "pk": 12, "fields": {"name": "Can view group", "content_type": 3, "codename": "view_group"}}, {"model": "auth.permission", "pk": 13, "fields": {"name": "Can add user", "content_type": 4, "codename": "add_user"}}, {"model": "auth.permission", "pk": 14, "fields": {"name": "Can change user", "content_type": 4, "codename": "change_user"}}, {"model": "auth.permission", "pk": 15, "fields": {"name": "Can delete user", "content_type": 4, "codename": "delete_user"}}, {"model": "auth.permission", "pk": 16, "fields": {"name": "Can view user", "content_type": 4, "codename": "view_user"}}, {"model": "auth.permission", "pk": 17, "fields": {"name": "Can add content type", "content_type": 5, "codename": "add_contenttype"}}, {"model": "auth.permission", "pk": 18, "fields": {"name": "Can change content type", "content_type": 5, "codename": "change_contenttype"}}, {"model": "auth.permission", "pk": 19, "fields": {"name": "Can delete content type", "content_type": 5, "codename": "delete_contenttype"}}, {"model": "auth.permission", "pk": 20, "fields": {"name": "Can view content type", "content_type": 5, "codename": "view_contenttype"}}, {"model": "auth.permission", "pk": 21, "fields": {"name": "Can add session", "content_type": 6, "codename": "add_session"}}, {"model": "auth.permission", "pk": 22, "fields": {"name": "Can change session", "content_type": 6, "codename": "change_session"}}, {"model": "auth.permission", "pk": 23, "fields": {"name": "Can delete session", "content_type": 6, "codename": "delete_session"}}, {"model": "auth.permission", "pk": 24, "fields": {"name": "Can view session", "content_type": 6, "codename": "view_session"}}, {"model": "auth.permission", "pk": 25, "fields": {"name": "Can add Token", "content_type": 7, "codename": "add_token"}}, {"model": "auth.permission", "pk": 26, "fields": {"name": "Can change Token", "content_type": 7, "codename": "change_token"}}, {"model": "auth.permission", "pk": 27, "fields": {"name": "Can delete Token", "content_type": 7, "codename": "delete_token"}}, {"model": "auth.permission", "pk": 28, "fields": {"name": "Can view Token", "content_type": 7, "codename": "view_token"}}, {"model": "auth.permission", "pk": 29, "fields": {"name": "Can add token", "content_type": 8, "codename": "add_tokenproxy"}}, {"model": "auth.permission", "pk": 30, "fields": {"name": "Can change token", "content_type": 8, "codename": "change_tokenproxy"}}, {"model": "auth.permission", "pk": 31, "fields": {"name": "Can delete token", "content_type": 8, "codename": "delete_tokenproxy"}}, {"model": "auth.permission", "pk": 32, "fields": {"name": "Can view token", "content_type": 8, "codename": "view_tokenproxy"}}, {"model": "auth.permission", "pk": 33, "fields": {"name": "Can add listingmodels", "content_type": 9, "codename": "add_listingmodels"}}, {"model": "auth.permission", "pk": 34, "fields": {"name": "Can change listingmodels", "content_type": 9, "codename": "change_listingmodels"}}, {"model": "auth.permission", "pk": 35, "fields": {"name": "Can delete listingmodels", "content_type": 9, "codename": "delete_listingmodels"}}, {"model": "auth.permission", "pk": 36, "fields": {"name": "Can view listingmodels", "content_type": 9, "codename": "view_listingmodels"}}, {"model": "auth.user", "pk": 1, "fields": {"password": "pbkdf2_sha256$600000$JeGldtvwktLlYvSglo1EpV$7auKILse6OSrhdydGUXTWhDMjbIemt6ZvLze16iqCUM=", "last_login": "2023-07-09T16:39:38.033Z", "is_superuser": false, "username": "Bhavey", "first_name": "", "last_name": "", "email": "bhavey@gmail.com", "is_staff": false, "is_active": true, "date_joined": "2023-07-09T16:22:39.657Z", "groups": [], "user_permissions": []}}, {"model": "auth.user", "pk": 2, "fields": {"password": "pbkdf2_sha256$600000$RacoEqQH0CPBBp2MdktJnH$Mj0AbGtAYS272xViKXDXYHHtA/tOMc2mius3ehHdVSY=", "last_login": "2023-07-09T17:43:57.501Z", "is_superuser": true, "username": "Owais", "first_name": "", "last_name": "", "email": "mohammedowais6361@gmail.com", "is_staff": true, "is_active": true, "date_joined": "2023-07-09T17:43:30.777Z", "groups": [], "user_permissions": []}}, {"model": "auth.user", "pk": 3, "fields": {"password": "pbkdf2_sha256$600000$T46RLLR3iJFLql84om5Iqk$qcOYs7zYX0zHxwjI13hlrwPenyO3VcCrTWhVqtFrUGg=", "last_login": null, "is_superuser": false, "username": "Mangal", "first_name": "", "last_name": "", "email": "mangal@gmail.com", "is_staff": false, "is_active": true, "date_joined": "2023-07-09T18:35:41.858Z", "groups": [], "user_permissions": []}}, {"model": "auth.user", "pk": 4, "fields": {"password": "pbkdf2_sha256$600000$x4XKfJSS77xjNHmluaOgsX$5A3pvWrpUYE9STflnzwJi/qec6TjhPdTNl60o3eoSXw=", "last_login": null, "is_superuser": false, "username": "Mangil", "first_name": "", "last_name": "", "email": "mangal@gmail.com", "is_staff": false, "is_active": true, "date_joined": "2023-07-10T15:20:37.992Z", "groups": [], "user_permissions": []}}, {"model": "auth.user", "pk": 5, "fields": {"password": "pbkdf2_sha256$600000$s6M7IBNIfLh5Ryx5ve3tG9$+vKbCKnAFoovEnwVtmYl/ZxpPA5uZLjJnOJMhHPkP0w=", "last_login": null, "is_superuser": false, "username": "Mangul", "first_name": "", "last_name": "", "email": "mangal@gmail.com", "is_staff": false, "is_active": true, "date_joined": "2023-07-10T20:04:56.343Z", "groups": [], "user_permissions": []}}, {"model": "auth.user", "pk": 6, "fields": {"password": "pbkdf2_sha256$600000$Y1zBysUfzsy3dEDgAusAO0$gjNbOtzh+oIsfALd73bPACJApGgs8YsAi+wFygQghd0=", "last_login": null, "is_superuser": false, "username": "Mang", "first_name": "", "last_name": "", "email": "mangal@gmail.com", "is_staff": false, "is_active": true, "date_joined": "2023-07-10T20:26:13.790Z", "groups": [], "user_permissions": []}}, {"model": "auth.user", "pk": 8, "fields": {"password": "pbkdf2_sha256$600000$Ks37mcjpGYxU6jmqSyDdMk$21FyGc2+CtY9fvpSjgoEdP6NtoZwFX5QxD3+D5WprDM=", "last_login": null, "is_superuser": false, "username": "omer", "first_name": "", "last_name": "", "email": "omer@gmail.com", "is_staff": false, "is_active": true, "date_joined": "2023-07-10T21:00:22.159Z", "groups": [], "user_permissions": []}}, {"model": "auth.user", "pk": 9, "fields": {"password": "pbkdf2_sha256$600000$HWPTRZKqcjaOqYvRltQxIE$VgSlSHL1nDsip0QsHJ2RGIPh06ND/DddJx76/V2gYX4=", "last_login": null, "is_superuser": false, "username": "omeria", "first_name": "", "last_name": "", "email": "omer@gmail.com", "is_staff": false, "is_active": true, "date_joined": "2023-07-10T21:01:42.588Z", "groups": [], "user_permissions": []}}, {"model": "auth.user", "pk": 10, "fields": {"password": "pbkdf2_sha256$600000$wgFagOxe6wMvcLc2zu2zPI$G9C672F4L5KmYsjU6YfqUE4N/JyqQ6KtlY1H6Xf1IgQ=", "last_login": null, "is_superuser": false, "username": "tanisha", "first_name": "", "last_name": "", "email": "tanisha@gmail.com", "is_staff": false, "is_active": true, "date_joined": "2023-07-11T20:37:08.163Z", "groups": [], "user_permissions": []}}, {"model": "auth.user", "pk": 11, "fields": {"password": "pbkdf2_sha256$600000$GeB7zBy5zFRyUuNZgfqdkA$dzkjdh+XPXr4XtnceTxMJkxJW1c10BRCvOM5IIlkpdg=", "last_login": null, "is_superuser": false, "username": "parveen", "first_name": "", "last_name": "", "email": "parveen@gmail.com", "is_staff": false, "is_active": true, "date_joined": "2023-07-12T13:07:31.791Z", "groups": [], "user_permissions": []}}, {"model": "contenttypes.contenttype", "pk": 1, "fields": {"app_label": "admin", "model": "logentry"}}, {"model": "contenttypes.contenttype", "pk": 2, "fields": {"app_label": "auth", "model": "permission"}}, {"model": "contenttypes.contenttype", "pk": 3, "fields": {"app_label": "auth", "model": "group"}}, {"model": "contenttypes.contenttype", "pk": 4, "fields": {"app_label": "auth", "model": "user"}}, {"model": "contenttypes.contenttype", "pk": 5, "fields": {"app_label": "contenttypes", "model": "contenttype"}}, {"model": "contenttypes.contenttype", "pk": 6, "fields": {"app_label": "sessions", "model": "session"}}, {"model": "contenttypes.contenttype", "pk": 8, "fields": {"app_label": "authtoken", "model": "tokenproxy"}}, {"model": "contenttypes.contenttype", "pk": 9, "fields": {"app_label": "list", "model": "listingmodels"}}, {"model": "sessions.session", "pk": "e1o514wi198vlhmh476ko63d0gwvf6tw", "fields": {"session_data": ".eJxVjEEOwiAQRe_C2hBAOoBL956BDMwgVUOT0q6MdzckXej2v_f-W0Tctxr3zmucSVyEEaffLWF-chuAHtjui8xL29Y5yaHIg3Z5W4hf18P9O6jY66jBqjJpDbYEzW4yjAWCdQUKJwdBe4XFGyLP1qcQAMGR5UxK0VlnFp8v3Y04Ig:1qIYRx:ZA8BVekMaZfXiD85NFbWuEoish6iYe8M-WtYmkEU--U", "expire_date": "2023-07-23T17:43:57.509Z"}}, {"model": "list.listingmodels", "pk": 4, "fields": {"user": 1, "works": "dance"}}, {"model": "list.listingmodels", "pk": 6, "fields": {"user": 1, "works": "bath"}}, {"model": "list.listingmodels", "pk": 8, "fields": {"user": 1, "works": "singing"}}, {"model": "list.listingmodels", "pk": 9, "fields": {"user": 1, "works": "naach"}}, {"model": "list.listingmodels", "pk": 10, "fields": {"user": 1, "works": "setting"}}, {"model": "list.listingmodels", "pk": 14, "fields": {"user": 1, "works": "cricket"}}, {"model": "list.listingmodels", "pk": 15, "fields": {"user": 1, "works": "sleeping"}}, {"model": "list.listingmodels", "pk": 16, "fields": {"user": 1, "works": "leg"}}, {"model": "list.listingmodels", "pk": 17, "fields": {"user": 1, "works": "peg"}}, {"model": "list.listingmodels", "pk": 18, "fields": {"user": 1, "works": "dukan"}}, {"model": "list.listingmodels", "pk": 19, "fields": {"user": 1, "works": "bakwas"}}, {"model": "list.listingmodels", "pk": 20, "fields": {"user": 1, "works": "bachkane"}}, {"model": "list.listingmodels", "pk": 21, "fields": {"user": 1, "works": "boomboom"}}, {"model": "list.listingmodels", "pk": 22, "fields": {"user": 1, "works": "chilling"}}, {"model": "list.listingmodels", "pk": 23, "fields": {"user": 3, "works": "bath"}}, {"model": "list.listingmodels", "pk": 24, "fields": {"user": 2, "works": "The Great"}}, {"model": "list.listingmodels", "pk": 25, "fields": {"user": 10, "works": "shayri"}}, {"model": "list.listingmodels", "pk": 26, "fields": {"user": 10, "works": "kanjar"}}, {"model": "list.listingmodels", "pk": 27, "fields": {"user": 1, "works": "cartoon"}}, {"model": "list.listingmodels", "pk": 28, "fields": {"user": 11, "works": "chai banani hai"}}, {"model": "list.listingmodels", "pk": 29, "fields": {"user": 11, "works": "chai banani hai"}}, {"model": "list.listingmodels", "pk": 30, "fields": {"user": 11, "works": "chai banani hai"}}, {"model": "list.listingmodels", "pk": 31, "fields": {"user": 11, "works": "hello"}}, {"model": "list.listingmodels", "pk": 32, "fields": {"user": 11, "works": "world"}}, {"model": "list.listingmodels", "pk": 33, "fields": {"user": 11, "works": "hii"}}, {"model": "list.listingmodels", "pk": 34, "fields": {"user": 3, "works": "dance"}}, {"model": "authtoken.token", "pk": "48e1fc8787144b88cae031dab0ba1549a439eef6", "fields": {"user": 4, "created": "2023-07-10T15:20:38.259Z"}}, {"model": "authtoken.token", "pk": "58687d5d166d84b3094a2565430564b229c1020f", "fields": {"user": 3, "created": "2023-07-09T18:35:42.141Z"}}, {"model": "authtoken.token", "pk": "701d9df2d4edbe4c95ddcbfbe6887748f4e7ffcf", "fields": {"user": 2, "created": "2023-07-10T12:40:00.293Z"}}, {"model": "authtoken.token", "pk": "80ccef7ea73a589459f8ed323c07f04981682c2a", "fields": {"user": 1, "created": "2023-07-09T16:22:40.133Z"}}, {"model": "authtoken.token", "pk": "987e0e0d5c81fd0a2083d61026614496f5765943", "fields": {"user": 11, "created": "2023-07-12T13:07:32.096Z"}}, {"model": "authtoken.token", "pk": "9e2bd7dcd8de58d373c7c61249ec998a1d2c24eb", "fields": {"user": 10, "created": "2023-07-11T20:37:08.471Z"}}, {"model": "authtoken.token", "pk": "a4b6fa2cbad0b8b36d0675e33038257ab4817a2f", "fields": {"user": 6, "created": "2023-07-10T20:26:14.077Z"}}, {"model": "authtoken.token", "pk": "bbf40a8f6f12a4c4ca052a2bd1913dd38973732a", "fields": {"user": 7, "created": "2023-07-10T20:46:22.042Z"}}, {"model": "authtoken.token", "pk": "c93257a2307c8e319e7d8271ee9cdb7ead547aa9", "fields": {"user": 5, "created": "2023-07-10T20:04:56.635Z"}}, {"model": "authtoken.token", "pk": "d0e25c2222f76fba623bce4c6a869baa631be0dc", "fields": {"user": 9, "created": "2023-07-10T21:01:42.858Z"}}, {"model": "authtoken.token", "pk": "db73774c582946db05393a2509dc993e2bf0152f", "fields": {"user": 8, "created": "2023-07-10T21:00:22.496Z"}}]
